{
  "mean_spread": 0.013321179896593094,
  "mean_bid_vol": 98.40156555175781
}