{
  "mean_spread": 0.012135415337979794,
  "mean_bid_vol": 7620.5537109375
}