{
  "mean_spread": 0.040938328951597214,
  "mean_bid_vol": 8437.0361328125
}