{
  "mean_spread": 0.012236709706485271,
  "mean_bid_vol": 8718.94140625
}